episode,total_episodes,model_type,epsilon,per_beta,global_step,training_updates,agents,learning_rate,gamma,avg_reward,avg_queue,throughput,avg_travel_time,episode_co2,co2_per_veh,updates,loss,policy_loss,value_loss,time_of_day,global_congestion
1,250,GAT-DQN,0.9953567058823529,0.4,300,0.0,9,0.001,0.99,-0.7157049081184944,16.172037037037036,447,58.313199105145415,96620162.59599683,216152.4890290757,0.0,0.0,0.0,0.0,0.0,0.0
2,250,GAT-DQN,0.9906978823529412,0.4024096385542169,600,0.0,9,0.001,0.99,-0.7520794890931621,19.0475,413,53.79176755447942,101530731.02757691,245837.12113214747,0.0,0.0,0.0,0.0,0.0,0.0
3,250,GAT-DQN,0.9860390588235294,0.40481927710843374,900,0.0,9,0.001,0.99,-0.7018815152918807,15.474166666666667,486,53.57818930041152,94754004.56440392,194967.08758107803,0.0,0.0,0.0,0.0,0.0,0.0
4,250,GAT-DQN,0.9813802352941177,0.4072289156626506,1200,201.0,9,0.001,0.99,-0.7029280928679243,15.712314814814814,490,59.642857142857146,94895292.5371699,193663.8623207549,201.0,0.0203549691675166,0.0,0.0,0.0,0.0
5,250,GAT-DQN,0.9767214117647058,0.4096385542168675,1500,300.0,9,0.001,0.99,-0.7402839253150674,17.924537037037037,432,53.414351851851855,99938329.91753428,231338.726660959,300.0,0.01314763763298591,0.0,0.0,0.0,0.0
6,250,GAT-DQN,0.9720625882352941,0.41204819277108434,1800,300.0,9,0.001,0.99,-0.6908524617249318,16.43759259259259,449,52.56347438752784,93265082.33286552,207717.33258990094,300.0,0.02804565154016018,0.0,0.0,0.0,0.0
7,250,GAT-DQN,0.9674037647058824,0.41445783132530123,2100,300.0,9,0.001,0.99,-0.6865312215378775,16.253333333333334,409,45.44498777506112,92681714.90761352,226605.65992081544,300.0,0.05369119961125155,0.0,0.0,0.0,0.0
8,250,GAT-DQN,0.9627449411764706,0.4168674698795181,2400,300.0,9,0.001,0.99,-0.7781592602120226,17.494629629629628,513,62.198830409356724,105051500.128623,204778.75268737425,300.0,0.05013448358513415,0.0,0.0,0.0,0.0
9,250,GAT-DQN,0.9580861176470589,0.41927710843373495,2700,300.0,9,0.001,0.99,-0.7418903141158105,17.440370370370367,441,52.600907029478456,100155192.40563431,227109.27983137034,300.0,0.06269477821576099,0.0,0.0,0.0,0.0
10,250,GAT-DQN,0.953427294117647,0.42168674698795183,3000,300.0,9,0.001,0.99,-0.7279485592922387,18.99212962962963,420,48.56666666666667,98273055.50445187,233983.46548679017,300.0,0.09536516115690272,0.0,0.0,0.0,0.0
11,250,GAT-DQN,0.9487684705882353,0.4240963855421687,3300,300.0,9,0.001,0.99,-0.8066687843732094,18.15222222222222,460,54.55652173913043,108900285.89038335,236739.75193561596,300.0,0.10478583282480637,0.0,0.0,0.0,0.0
12,250,GAT-DQN,0.9441096470588235,0.42650602409638555,3600,300.0,9,0.001,0.99,-0.8684697619271184,19.50111111111111,479,64.49269311064718,117243417.86016132,244767.05190012802,300.0,0.083842754624784,0.0,0.0,0.0,0.0
13,250,GAT-DQN,0.9394508235294118,0.42891566265060244,3900,300.0,9,0.001,0.99,-0.6584457386578771,15.268240740740742,453,56.088300220750554,88890174.71881336,196225.55125565862,300.0,0.12736634344483416,0.0,0.0,0.0,0.0
14,250,GAT-DQN,0.934792,0.43132530120481927,4200,300.0,9,0.001,0.99,-0.7269108612399743,18.51212962962963,406,47.91379310344828,98132966.26739648,241706.8134664938,300.0,0.1373330842827757,0.0,0.0,0.0,0.0
15,250,GAT-DQN,0.9301331764705882,0.43373493975903615,4500,300.0,9,0.001,0.99,-0.6922447603197578,16.371944444444445,428,50.9392523364486,93453042.64316706,218348.2304746894,300.0,0.12904241574307282,0.0,0.0,0.0,0.0
16,250,GAT-DQN,0.9254743529411764,0.43614457831325304,4800,300.0,9,0.001,0.99,-0.7835053065472934,17.679444444444442,449,51.86636971046771,105773216.38388473,235575.0921690083,300.0,0.15232793050507704,0.0,0.0,0.0,0.0
17,250,GAT-DQN,0.9208155294117647,0.43855421686746987,5100,300.0,9,0.001,0.99,-0.7354821251883333,16.994814814814816,465,58.06236559139785,99290086.90042491,213527.06860306434,300.0,0.14724229354411364,0.0,0.0,0.0,0.0
18,250,GAT-DQN,0.916156705882353,0.44096385542168676,5400,300.0,9,0.001,0.99,-0.7171712053086651,15.453240740740743,478,59.09205020920502,96818112.71666972,202548.3529637442,300.0,0.13779659705857436,0.0,0.0,0.0,0.0
19,250,GAT-DQN,0.9114978823529412,0.44337349397590364,5700,300.0,9,0.001,0.99,-0.637806740999612,13.369907407407407,457,52.22975929978118,86103910.03494783,188411.1816957283,300.0,0.17930187770475944,0.0,0.0,0.0,0.0
20,250,GAT-DQN,0.9068390588235294,0.44578313253012053,6000,300.0,9,0.001,0.99,-0.7579687407021853,15.888518518518516,484,56.638429752066116,102325779.99479508,211416.90081569232,300.0,0.19135039294759432,0.0,0.0,0.0,0.0
21,250,GAT-DQN,0.9021802352941176,0.44819277108433736,6300,300.0,9,0.001,0.99,-0.7844961741624684,18.13472222222222,414,54.08454106280193,105906983.51193322,255813.9698355875,300.0,0.22802015150586763,0.0,0.0,0.0,0.0
22,250,GAT-DQN,0.8975214117647059,0.45060240963855425,6600,300.0,9,0.001,0.99,-0.706867679826815,15.80537037037037,462,60.76623376623377,95427136.77662024,206552.2441052386,300.0,0.1987713109329343,0.0,0.0,0.0,0.0
23,250,GAT-DQN,0.8928625882352941,0.4530120481927711,6900,300.0,9,0.001,0.99,-0.7443014811439905,19.676111111111112,424,49.839622641509436,100480699.95443895,236982.78291141262,300.0,0.1903878036389748,0.0,0.0,0.0,0.0
24,250,GAT-DQN,0.8882037647058824,0.45542168674698796,7200,300.0,9,0.001,0.99,-0.6851078228634639,17.912407407407407,368,49.3125,92489556.08656777,251330.31545262982,300.0,0.2582697083055973,0.0,0.0,0.0,0.0
25,250,GAT-DQN,0.8835449411764706,0.45783132530120485,7500,300.0,9,0.001,0.99,-0.7016175424262252,15.566574074074076,483,57.076604554865426,94718368.22754061,196104.28204459755,300.0,0.24738474873205027,0.0,0.0,0.0,0.0
26,250,GAT-DQN,0.8788861176470588,0.4602409638554217,7800,300.0,9,0.001,0.99,-0.7270174001905422,17.478240740740738,401,50.1072319201995,98147349.02572317,244756.48136090566,300.0,0.20134729046374558,0.0,0.0,0.0,0.0
27,250,GAT-DQN,0.874227294117647,0.46265060240963857,8100,300.0,9,0.001,0.99,-0.7233619305251126,16.77824074074074,450,63.26888888888889,97653860.62089041,217008.57915753423,300.0,0.23204881043483813,0.0,0.0,0.0,0.0
28,250,GAT-DQN,0.8695684705882353,0.46506024096385545,8400,300.0,9,0.001,0.99,-0.6965623830255852,16.550925925925924,474,55.755274261603375,94035921.708454,198388.02048197045,300.0,0.2353626906995972,0.0,0.0,0.0,0.0
29,250,GAT-DQN,0.8649096470588236,0.4674698795180723,8700,300.0,9,0.001,0.99,-0.6921094177450796,13.693796296296295,514,56.72568093385214,93434771.39558569,181779.71088635348,300.0,0.27908062322686117,0.0,0.0,0.0,0.0
30,250,GAT-DQN,0.8602508235294117,0.46987951807228917,9000,300.0,9,0.001,0.99,-0.7664244471304016,16.29240740740741,479,61.38413361169102,103467300.36260432,216006.89010982114,300.0,0.2654894778256615,0.0,0.0,0.0,0.0
31,250,GAT-DQN,0.855592,0.47228915662650606,9300,300.0,9,0.001,0.99,-0.6924387861670664,15.606481481481481,476,60.27521008403362,93479236.13255408,196384.9498583069,300.0,0.2751567804565032,0.0,0.0,0.0,0.0
32,250,GAT-DQN,0.8509331764705883,0.4746987951807229,9600,300.0,9,0.001,0.99,-0.800227289613671,17.160462962962963,482,62.66597510373444,108030684.09784554,224130.04999553016,300.0,0.2830312084654967,0.0,0.0,0.0,0.0
33,250,GAT-DQN,0.8462743529411765,0.4771084337349398,9900,300.0,9,0.001,0.99,-0.7029335829831046,14.94861111111111,480,56.525,94896033.70271894,197700.0702139978,300.0,0.29473602945605915,0.0,0.0,0.0,0.0
34,250,GAT-DQN,0.8416155294117647,0.47951807228915666,10200,300.0,9,0.001,0.99,-0.7261509087314492,18.94685185185185,375,48.256,98030372.67874594,261414.3271433225,300.0,0.31365652158856394,0.0,0.0,0.0,0.0
35,250,GAT-DQN,0.8369567058823529,0.4819277108433735,10500,300.0,9,0.001,0.99,-0.7473695780704602,17.94398148148148,418,49.770334928229666,100894893.03951196,241375.3421997894,300.0,0.36270754898587865,0.0,0.0,0.0,0.0
36,250,GAT-DQN,0.8322978823529412,0.4843373493975904,10800,300.0,9,0.001,0.99,-0.7149493250263672,15.157407407407408,464,56.60775862068966,96518158.87855962,208013.2734451716,300.0,0.32226499723891416,0.0,0.0,0.0,0.0
37,250,GAT-DQN,0.8276390588235294,0.48674698795180726,11100,300.0,9,0.001,0.99,-0.7803162169878263,17.80481481481482,477,56.740041928721176,105342689.29335655,220844.2123550452,300.0,0.3514441992342472,0.0,0.0,0.0,0.0
38,250,GAT-DQN,0.8229802352941177,0.4891566265060241,11400,300.0,9,0.001,0.99,-0.7181483500318924,15.967592592592592,435,51.45977011494253,96950027.2543055,222873.62587196665,300.0,0.31705196815232434,0.0,0.0,0.0,0.0
39,250,GAT-DQN,0.818321411764706,0.491566265060241,11700,300.0,9,0.001,0.99,-0.7500613177547266,16.363333333333333,458,58.33624454148472,101258277.8968879,221087.94300630546,300.0,0.3717730120321115,0.0,0.0,0.0,0.0
40,250,GAT-DQN,0.8136625882352941,0.49397590361445787,12000,300.0,9,0.001,0.99,-0.6979937497499165,16.33787037037037,456,56.9078947368421,94229156.21623872,206642.88643912002,300.0,0.3271462496370077,0.0,0.0,0.0,0.0
41,250,GAT-DQN,0.8090037647058823,0.4963855421686747,12300,300.0,9,0.001,0.99,-0.7098167142324397,14.666481481481481,481,56.65072765072765,95825256.42137952,199220.90732095533,300.0,0.32308358763655026,0.0,0.0,0.0,0.0
42,250,GAT-DQN,0.8043449411764706,0.4987951807228916,12600,300.0,9,0.001,0.99,-0.7571967291498048,15.136666666666667,494,57.89676113360324,102221558.43522358,206926.23165025015,300.0,0.4165700669338306,0.0,0.0,0.0,0.0
43,250,GAT-DQN,0.7996861176470589,0.5012048192771085,12900,300.0,9,0.001,0.99,-0.7262412856335011,14.830462962962962,457,55.225382932166305,98042573.56052256,214535.17190486335,300.0,0.4021940217912197,0.0,0.0,0.0,0.0
44,250,GAT-DQN,0.795027294117647,0.5036144578313253,13200,300.0,9,0.001,0.99,-0.7752929843584692,16.64296296296296,455,56.58901098901099,104664552.88839306,230031.98437009464,300.0,0.37975764778753124,0.0,0.0,0.0,0.0
45,250,GAT-DQN,0.7903684705882352,0.5060240963855422,13500,300.0,9,0.001,0.99,-0.7536816991630462,16.886944444444445,457,54.0437636761488,101747029.38701119,222641.2021597619,300.0,0.4402883523454269,0.0,0.0,0.0,0.0
46,250,GAT-DQN,0.7857096470588235,0.5084337349397591,13800,300.0,9,0.001,0.99,-0.7650601184793664,18.931296296296296,473,56.65961945031712,103283115.99471436,218357.53910087605,300.0,0.3611338259528081,0.0,0.0,0.0,0.0
47,250,GAT-DQN,0.7810508235294118,0.5108433734939759,14100,300.0,9,0.001,0.99,-0.7522911629614047,15.097222222222223,516,57.35852713178294,101559306.99978957,196820.36240269296,300.0,0.37093170362214245,0.0,0.0,0.0,0.0
48,250,GAT-DQN,0.776392,0.5132530120481927,14400,300.0,9,0.001,0.99,-0.7054360772678585,18.79,401,50.576059850374065,95233870.43116082,237490.94870613673,300.0,0.4233091467122237,0.0,0.0,0.0,0.0
49,250,GAT-DQN,0.7717331764705883,0.5156626506024097,14700,300.0,9,0.001,0.99,-0.7008582784599464,16.36740740740741,454,55.28193832599119,94615867.59209293,208404.99469623994,300.0,0.39715379844109217,0.0,0.0,0.0,0.0
50,250,GAT-DQN,0.7670743529411764,0.5180722891566265,15000,300.0,9,0.001,0.99,-0.8065809096738685,18.42314814814815,487,61.616016427104725,108888422.80597231,223590.19056667824,300.0,0.41419551563759643,0.0,0.0,0.0,0.0
51,250,GAT-DQN,0.7624155294117647,0.5204819277108435,15300,300.0,9,0.001,0.99,-0.7222401952439579,16.281203703703703,485,60.35257731958763,97502426.35793413,201035.93063491574,300.0,0.35671992470820746,0.0,0.0,0.0,0.0
52,250,GAT-DQN,0.7577567058823529,0.5228915662650603,15600,300.0,9,0.001,0.99,-0.7120273307922439,14.901944444444444,467,54.88222698072805,96123689.6569528,205832.3118992565,300.0,0.38518152547379336,0.0,0.0,0.0,0.0
53,250,GAT-DQN,0.7530978823529412,0.5253012048192771,15900,300.0,9,0.001,0.99,-0.7019229442070172,18.128611111111113,378,48.47089947089947,94759597.46794733,250686.76578822045,300.0,0.4127225239078204,0.0,0.0,0.0,0.0
54,250,GAT-DQN,0.7484390588235295,0.527710843373494,16200,300.0,9,0.001,0.99,-0.7334070286679434,15.748055555555554,488,58.65983606557377,99009948.8701724,202889.2394880582,300.0,0.3822790621469418,0.0,0.0,0.0,0.0
55,250,GAT-DQN,0.7437802352941176,0.5301204819277109,16500,300.0,9,0.001,0.99,-0.7416788487202873,17.556388888888886,455,59.105494505494505,100126644.57723884,220058.55951041504,300.0,0.4125627633432547,0.0,0.0,0.0,0.0
56,250,GAT-DQN,0.7391214117647058,0.5325301204819277,16800,300.0,9,0.001,0.99,-0.702113477740836,16.377037037037038,412,49.46116504854369,94785319.495013,230061.455084983,300.0,0.30187769514818985,0.0,0.0,0.0,0.0
57,250,GAT-DQN,0.7344625882352942,0.5349397590361447,17100,300.0,9,0.001,0.99,-0.6722835876320087,13.865740740740739,474,56.561181434599156,90758284.33032106,191473.17369266046,300.0,0.45821246445178987,0.0,0.0,0.0,0.0
58,250,GAT-DQN,0.7298037647058824,0.5373493975903615,17400,300.0,9,0.001,0.99,-0.721108597529884,15.759629629629629,477,61.075471698113205,97349660.66653447,204087.33892355234,300.0,0.5082389760762454,0.0,0.0,0.0,0.0
59,250,GAT-DQN,0.7251449411764705,0.5397590361445783,17700,300.0,9,0.001,0.99,-0.7151050887548732,15.52787037037037,472,57.87923728813559,96539186.98190783,204532.17580912675,300.0,0.3958524888008833,0.0,0.0,0.0,0.0
60,250,GAT-DQN,0.7204861176470588,0.5421686746987953,18000,300.0,9,0.001,0.99,-0.7111508159245075,14.711481481481481,507,58.20315581854043,96005360.14980869,189359.6847136266,300.0,0.40004282765090465,0.0,0.0,0.0,0.0
61,250,GAT-DQN,0.7158272941176471,0.5445783132530121,18300,300.0,9,0.001,0.99,-0.6293296261139845,15.485555555555553,389,49.53213367609254,84959499.52538802,218404.88309868384,300.0,0.4304079006612301,0.0,0.0,0.0,0.0
62,250,GAT-DQN,0.7111684705882353,0.5469879518072289,18600,300.0,9,0.001,0.99,-0.7111239206735261,16.441851851851855,447,56.66442953020134,96001729.29092616,214768.969330931,300.0,0.4361775051057339,0.0,0.0,0.0,0.0
63,250,GAT-DQN,0.7065096470588235,0.5493975903614458,18900,300.0,9,0.001,0.99,-0.8545873892756191,20.114444444444448,461,56.093275488069416,115369297.55220866,250258.7799397151,300.0,0.43257566226025423,0.0,0.0,0.0,0.0
64,250,GAT-DQN,0.7018508235294117,0.5518072289156627,19200,300.0,9,0.001,0.99,-0.7337514397841874,14.528518518518522,515,58.20776699029126,99056444.37086537,192342.6104288648,300.0,0.4723885700106621,0.0,0.0,0.0,0.0
65,250,GAT-DQN,0.697192,0.5542168674698795,19500,300.0,9,0.001,0.99,-0.7852091180306247,16.630185185185187,494,58.68218623481781,106003230.93413429,214581.43913792368,300.0,0.3645218013972044,0.0,0.0,0.0,0.0
66,250,GAT-DQN,0.6925331764705882,0.5566265060240965,19800,300.0,9,0.001,0.99,-0.7777726248895609,16.159537037037037,511,57.18199608610568,104999304.36009075,205478.09072424803,300.0,0.4189141318450371,0.0,0.0,0.0,0.0
67,250,GAT-DQN,0.6878743529411765,0.5590361445783133,20100,300.0,9,0.001,0.99,-0.7480653998585975,18.298796296296295,483,63.21739130434783,100988828.98091064,209086.60244494956,300.0,0.4556781969964504,0.0,0.0,0.0,0.0
68,250,GAT-DQN,0.6832155294117648,0.5614457831325301,20400,300.0,9,0.001,0.99,-0.8280215573284937,20.056388888888886,394,53.545685279187815,111782910.23934661,283712.9701506259,300.0,0.46232363636295,0.0,0.0,0.0,0.0
69,250,GAT-DQN,0.678556705882353,0.5638554216867471,20700,300.0,9,0.001,0.99,-0.7483383990211004,15.536296296296296,487,57.93223819301848,101025683.86784849,207444.93607361085,300.0,0.5003988304982583,0.0,0.0,0.0,0.0
70,250,GAT-DQN,0.6738978823529411,0.5662650602409639,21000,300.0,9,0.001,0.99,-0.6671381731283853,14.745185185185186,534,58.60112359550562,90063653.37233202,168658.52691447944,300.0,0.42093843730787434,0.0,0.0,0.0,0.0
71,250,GAT-DQN,0.6692390588235295,0.5686746987951807,21300,300.0,9,0.001,0.99,-0.8629345251239551,21.718518518518515,414,54.0,116496160.89173384,281391.6929752025,300.0,0.40025813430547713,0.0,0.0,0.0,0.0
72,250,GAT-DQN,0.6645802352941177,0.5710843373493976,21600,300.0,9,0.001,0.99,-0.6836354333816508,13.669166666666667,500,59.3,92290783.50652277,184581.56701304554,300.0,0.4352646142989397,0.0,0.0,0.0,0.0
73,250,GAT-DQN,0.6599214117647059,0.5734939759036145,21900,300.0,9,0.001,0.99,-0.6432734664748123,12.518888888888888,487,51.42915811088296,86841917.9740994,178320.16011108705,300.0,0.4543300511191289,0.0,0.0,0.0,0.0
74,250,GAT-DQN,0.655262588235294,0.5759036144578313,22200,300.0,9,0.001,0.99,-0.6989126141799296,17.560277777777777,422,50.27725118483412,94353202.91429041,223585.78889642277,300.0,0.4602798524995645,0.0,0.0,0.0,0.0
75,250,GAT-DQN,0.6506037647058823,0.5783132530120482,22500,300.0,9,0.001,0.99,-0.7667514559965997,17.03731481481481,498,58.60843373493976,103511446.55954084,207854.31036052378,300.0,0.5707364011804262,0.0,0.0,0.0,0.0
76,250,GAT-DQN,0.6459449411764706,0.5807228915662651,22800,300.0,9,0.001,0.99,-0.7071885232938887,15.699722222222222,453,57.48344370860927,95470450.64467482,210751.54667698636,300.0,0.4852865647524595,0.0,0.0,0.0,0.0
77,250,GAT-DQN,0.6412861176470588,0.5831325301204819,23100,300.0,9,0.001,0.99,-0.7264513299257801,16.745,436,54.341743119266056,98070929.53998001,224933.32463298168,300.0,0.46258447438478467,0.0,0.0,0.0,0.0
78,250,GAT-DQN,0.6366272941176471,0.5855421686746989,23400,300.0,9,0.001,0.99,-0.7670560153426081,15.656944444444447,511,60.256360078277886,103552562.07125206,202646.8925073426,300.0,0.4308556904147069,0.0,0.0,0.0,0.0
79,250,GAT-DQN,0.6319684705882354,0.5879518072289157,23700,300.0,9,0.001,0.99,-0.7875250332248177,16.416944444444447,506,59.45652173913044,106315879.48535046,210110.43376551475,300.0,0.43794521518051627,0.0,0.0,0.0,0.0
80,250,GAT-DQN,0.6273096470588235,0.5903614457831325,24000,300.0,9,0.001,0.99,-0.7331773226800017,18.567500000000003,438,52.89269406392694,98978938.5618002,225979.31178493195,300.0,0.4327109180142482,0.0,0.0,0.0,0.0
81,250,GAT-DQN,0.6226508235294118,0.5927710843373494,24300,300.0,9,0.001,0.99,-0.7216393267858151,19.699907407407405,423,51.80378250591016,97421309.11608505,230310.42344228146,300.0,0.43079137610892454,0.0,0.0,0.0,0.0
82,250,GAT-DQN,0.617992,0.5951807228915663,24600,300.0,9,0.001,0.99,-0.6423296379922393,15.528148148148151,418,49.83732057416268,86714501.12895226,207450.95963864177,300.0,0.4956349872549375,0.0,0.0,0.0,0.0
83,250,GAT-DQN,0.6133331764705883,0.5975903614457831,24900,300.0,9,0.001,0.99,-0.7650348615564058,17.885,451,62.63414634146341,103279706.31011492,229001.56609781578,300.0,0.4922801960756381,0.0,0.0,0.0,0.0
84,250,GAT-DQN,0.6086743529411764,0.6,25200,300.0,9,0.001,0.99,-0.6748716452792707,14.229907407407408,470,55.61063829787234,91107672.11270134,193846.11087808796,300.0,0.44949739458660287,0.0,0.0,0.0,0.0
85,250,GAT-DQN,0.6040155294117647,0.6024096385542168,25500,300.0,9,0.001,0.99,-0.7230840084105395,17.436759259259258,469,58.217484008528785,97616341.13542274,208137.1879220101,300.0,0.4601495498418808,0.0,0.0,0.0,0.0
86,250,GAT-DQN,0.599356705882353,0.6048192771084338,25800,300.0,9,0.001,0.99,-0.808122327420789,19.100185185185182,451,54.27937915742794,109096514.20180641,241899.14457163285,300.0,0.44261669571201007,0.0,0.0,0.0,0.0
87,250,GAT-DQN,0.5946978823529412,0.6072289156626507,26100,300.0,9,0.001,0.99,-0.7401403010927838,16.30212962962963,458,51.96069868995633,99918940.64752573,218163.6258679601,300.0,0.4825960543255011,0.0,0.0,0.0,0.0
88,250,GAT-DQN,0.5900390588235294,0.6096385542168675,26400,300.0,9,0.001,0.99,-0.7353230726669184,16.61777777777778,463,53.64362850971922,99268614.8100339,214403.0557452136,300.0,0.4145643256107966,0.0,0.0,0.0,0.0
89,250,GAT-DQN,0.5853802352941176,0.6120481927710844,26700,300.0,9,0.001,0.99,-0.699716668911821,14.631296296296295,444,51.358108108108105,94461750.30309574,212751.68987183727,300.0,0.4701128616432349,0.0,0.0,0.0,0.0
90,250,GAT-DQN,0.5807214117647059,0.6144578313253012,27000,300.0,9,0.001,0.99,-0.6641939752301459,15.009351851851852,456,53.23684210526316,89666186.65606976,196636.37424576702,300.0,0.4252807165930669,0.0,0.0,0.0,0.0
91,250,GAT-DQN,0.5760625882352941,0.6168674698795181,27300,300.0,9,0.001,0.99,-0.7741821218479819,15.73388888888889,508,58.10826771653543,104514586.44947751,205737.37490054627,300.0,0.4522491782158613,0.0,0.0,0.0,0.0
92,250,GAT-DQN,0.5714037647058823,0.619277108433735,27600,300.0,9,0.001,0.99,-0.7675320160494892,17.161296296296296,472,54.125,103616822.16668075,219527.16560737448,300.0,0.4206404517591,0.0,0.0,0.0,0.0
93,250,GAT-DQN,0.5667449411764706,0.6216867469879518,27900,300.0,9,0.001,0.99,-0.7897147630039599,16.608240740740744,512,56.94140625,106611493.00553475,208225.57227643506,300.0,0.5092714473853509,0.0,0.0,0.0,0.0
94,250,GAT-DQN,0.5620861176470588,0.6240963855421686,28200,300.0,9,0.001,0.99,-0.7192205320327226,16.46712962962963,476,61.075630252100844,97094771.82441758,203980.61307650752,300.0,0.40756056924661,0.0,0.0,0.0,0.0
95,250,GAT-DQN,0.557427294117647,0.6265060240963856,28500,300.0,9,0.001,0.99,-0.7102079787373315,16.09296296296296,444,53.46621621621622,95878077.12953943,215941.61515662033,300.0,0.4719452391564846,0.0,0.0,0.0,0.0
96,250,GAT-DQN,0.5527684705882353,0.6289156626506025,28800,300.0,9,0.001,0.99,-0.674805080899401,15.105925925925925,482,53.19502074688797,91098685.92141917,189001.42307348378,300.0,0.5300307030479113,0.0,0.0,0.0,0.0
97,250,GAT-DQN,0.5481096470588236,0.6313253012048193,29100,300.0,9,0.001,0.99,-0.6754891371888869,15.317037037037037,479,59.91022964509395,91191033.52049974,190377.94054384078,300.0,0.48950997528930507,0.0,0.0,0.0,0.0
98,250,GAT-DQN,0.5434508235294118,0.6337349397590362,29400,300.0,9,0.001,0.99,-0.7114713193718484,15.593981481481482,468,56.39529914529915,96048628.11519966,205232.11135726422,300.0,0.46096887407203513,0.0,0.0,0.0,0.0
99,250,GAT-DQN,0.5387919999999999,0.636144578313253,29700,300.0,9,0.001,0.99,-0.6052490487431421,13.88212962962963,470,55.195744680851064,81708621.58032411,173848.1310219662,300.0,0.49410040557384494,0.0,0.0,0.0,0.0
100,250,GAT-DQN,0.5341331764705883,0.6385542168674698,30000,300.0,9,0.001,0.99,-0.767244108333556,18.42787037037037,448,57.933035714285715,103577954.62502989,231200.79157372745,300.0,0.4444836355000734,0.0,0.0,0.0,0.0
101,250,GAT-DQN,0.5294743529411765,0.6409638554216868,30300,300.0,9,0.001,0.99,-0.6837307486528897,14.693703703703704,482,55.78215767634855,92303651.06814015,191501.35076377625,300.0,0.46035691623886427,0.0,0.0,0.0,0.0
102,250,GAT-DQN,0.5248155294117647,0.6433734939759036,30600,300.0,9,0.001,0.99,-0.6976250666458882,15.209537037037034,482,58.76348547717842,94179383.99719511,195392.91285725127,300.0,0.39901726933817067,0.0,0.0,0.0,0.0
103,250,GAT-DQN,0.5201567058823529,0.6457831325301204,30900,300.0,9,0.001,0.99,-0.6768976172248254,14.049166666666666,459,51.63398692810458,91381178.32535146,199087.5344778899,300.0,0.4704314745714267,0.0,0.0,0.0,0.0
104,250,GAT-DQN,0.5154978823529413,0.6481927710843374,31200,300.0,9,0.001,0.99,-0.7504848741708315,20.1125,394,51.77157360406091,101315458.01306215,257145.8325204623,300.0,0.4932679614921411,0.0,0.0,0.0,0.0
105,250,GAT-DQN,0.5108390588235294,0.6506024096385542,31500,300.0,9,0.001,0.99,-0.6872629800492873,16.501666666666665,397,50.13853904282116,92780502.30665371,233704.0360369111,300.0,0.4875206142415603,0.0,0.0,0.0,0.0
106,250,GAT-DQN,0.5061802352941176,0.653012048192771,31800,300.0,9,0.001,0.99,-0.6751117490700491,15.151388888888887,461,55.55965292841648,91140086.12445652,197700.837580166,300.0,0.43582354242602983,0.0,0.0,0.0,0.0
107,250,GAT-DQN,0.5015214117647058,0.655421686746988,32100,300.0,9,0.001,0.99,-0.7705389514666884,17.55861111111111,494,67.41295546558705,104022758.44800265,210572.38552227258,300.0,0.4772788125524918,0.0,0.0,0.0,0.0
108,250,GAT-DQN,0.49686258823529417,0.6578313253012049,32400,300.0,9,0.001,0.99,-0.7508409697526979,19.14527777777778,370,48.09189189189189,101363530.91661407,273955.4889638218,300.0,0.4832954556494951,0.0,0.0,0.0,0.0
109,250,GAT-DQN,0.49220376470588234,0.6602409638554216,32700,300.0,9,0.001,0.99,-0.6254571582638839,13.607592592592594,474,56.62447257383966,84436716.36562417,178136.53241692865,300.0,0.4590947094808022,0.0,0.0,0.0,0.0
110,250,GAT-DQN,0.4875449411764706,0.6626506024096386,33000,300.0,9,0.001,0.99,-0.7475138189387859,17.66037037037037,445,56.52584269662921,100914365.55673613,226773.8551836767,300.0,0.535272416571776,0.0,0.0,0.0,0.0
111,250,GAT-DQN,0.4828861176470588,0.6650602409638554,33300,300.0,9,0.001,0.99,-0.7185921458179543,15.114351851851852,469,54.22601279317697,97009939.68542379,206844.22107766266,300.0,0.4558439275622368,0.0,0.0,0.0,0.0
112,250,GAT-DQN,0.4782272941176471,0.6674698795180722,33600,300.0,9,0.001,0.99,-0.686637395996138,17.139629629629628,412,59.24029126213592,92696048.45947866,224990.40888222976,300.0,0.5204793295512596,0.0,0.0,0.0,0.0
113,250,GAT-DQN,0.47356847058823526,0.6698795180722892,33900,300.0,9,0.001,0.99,-0.7059768081547019,14.803703703703704,527,56.98292220113852,95306869.10088466,180847.9489580354,300.0,0.46469930810232957,0.0,0.0,0.0,0.0
114,250,GAT-DQN,0.46890964705882354,0.672289156626506,34200,300.0,9,0.001,0.99,-0.6896460408074674,15.83388888888889,492,59.573170731707314,93102215.50900814,189232.14534351247,300.0,0.48301253577073416,0.0,0.0,0.0,0.0
115,250,GAT-DQN,0.4642508235294117,0.6746987951807228,34500,300.0,9,0.001,0.99,-0.7317136847796816,17.306944444444447,460,55.35434782608696,98781347.44525696,214742.0596636021,300.0,0.45700154225031536,0.0,0.0,0.0,0.0
116,250,GAT-DQN,0.4595920000000001,0.6771084337349398,34800,300.0,9,0.001,0.99,-0.7204212753322464,17.01324074074074,462,52.55844155844156,97256872.16985333,210512.71032435785,300.0,0.49381564733882743,0.0,0.0,0.0,0.0
117,250,GAT-DQN,0.4549331764705883,0.6795180722891567,35100,300.0,9,0.001,0.99,-0.8371431561235253,18.352962962962966,524,57.57251908396947,113014326.0766758,215676.1948028164,300.0,0.5026771166423957,0.0,0.0,0.0,0.0
118,250,GAT-DQN,0.45027435294117646,0.6819277108433734,35400,300.0,9,0.001,0.99,-0.7380796079174444,19.158981481481483,380,48.17631578947368,99640747.06885491,262212.4922864603,300.0,0.43564585310717424,0.0,0.0,0.0,0.0
119,250,GAT-DQN,0.44561552941176474,0.6843373493975904,35700,300.0,9,0.001,0.99,-0.7100707119705589,16.20675925925926,498,58.70281124497992,95859546.11602525,192489.0484257535,300.0,0.4449722667783499,0.0,0.0,0.0,0.0
120,250,GAT-DQN,0.4409567058823529,0.6867469879518072,36000,300.0,9,0.001,0.99,-0.6758716788597925,14.36888888888889,439,52.69476082004556,91242676.64607196,207842.08803205457,300.0,0.463437536880374,0.0,0.0,0.0,0.0
121,250,GAT-DQN,0.4362978823529412,0.689156626506024,36300,300.0,9,0.001,0.99,-0.7344533824096128,16.533425925925926,465,60.1505376344086,99151206.62529765,213228.40134472612,300.0,0.44512691654264924,0.0,0.0,0.0,0.0
122,250,GAT-DQN,0.4316390588235294,0.691566265060241,36600,300.0,9,0.001,0.99,-0.6785994945185698,17.171944444444442,457,56.822757111597376,91610931.76000687,200461.55746172182,300.0,0.5312210922688245,0.0,0.0,0.0,0.0
123,250,GAT-DQN,0.42698023529411766,0.6939759036144578,36900,300.0,9,0.001,0.99,-0.6828908414315268,16.334074074074074,415,48.908433734939756,92190263.59325592,222145.2134777251,300.0,0.47062826447188855,0.0,0.0,0.0,0.0
124,250,GAT-DQN,0.42232141176470583,0.6963855421686747,37200,300.0,9,0.001,0.99,-0.7145070583858476,14.504814814814814,464,53.484913793103445,96458452.88208945,207884.59672864105,300.0,0.4489469050616026,0.0,0.0,0.0,0.0
125,250,GAT-DQN,0.4176625882352941,0.6987951807228916,37500,300.0,9,0.001,0.99,-0.6457680542988047,14.473611111111113,487,59.30800821355236,87178687.33033858,179011.67829638312,300.0,0.46641420178115367,0.0,0.0,0.0,0.0
126,250,GAT-DQN,0.4130037647058824,0.7012048192771085,37800,300.0,9,0.001,0.99,-0.7143568154965065,16.520555555555557,465,59.86666666666667,96438170.09202835,207393.91417640506,300.0,0.46938816162447133,0.0,0.0,0.0,0.0
127,250,GAT-DQN,0.4083449411764706,0.7036144578313253,38100,300.0,9,0.001,0.99,-0.7001937980950796,17.354444444444443,442,54.386877828054295,94526162.74283564,213860.09670324807,300.0,0.4284634444117546,0.0,0.0,0.0,0.0
128,250,GAT-DQN,0.40368611764705886,0.7060240963855422,38400,300.0,9,0.001,0.99,-0.7442547703348303,16.089166666666667,466,60.52145922746781,100474393.99520208,215610.2875433521,300.0,0.4516320107380549,0.0,0.0,0.0,0.0
129,250,GAT-DQN,0.39902729411764704,0.708433734939759,38700,300.0,9,0.001,0.99,-0.7640789064994317,18.231481481481485,416,51.28125,103150652.37742326,247958.2989841905,300.0,0.5058735006302595,0.0,0.0,0.0,0.0
130,250,GAT-DQN,0.3943684705882353,0.7108433734939759,39000,300.0,9,0.001,0.99,-0.7408391110490982,16.610833333333332,442,54.3710407239819,100013279.99162841,226274.38912133125,300.0,0.4609494498372078,0.0,0.0,0.0,0.0
131,250,GAT-DQN,0.3897096470588235,0.7132530120481928,39300,300.0,9,0.001,0.99,-0.6410214629327191,14.082129629629629,456,57.021929824561404,86537897.49591702,189776.09099981803,300.0,0.4472283364584049,0.0,0.0,0.0,0.0
132,250,GAT-DQN,0.3850508235294118,0.7156626506024096,39600,300.0,9,0.001,0.99,-0.6291963223145006,14.628981481481482,442,51.997737556561084,84941503.5124575,192175.34731325228,300.0,0.4353549146403869,0.0,0.0,0.0,0.0
133,250,GAT-DQN,0.38039199999999995,0.7180722891566265,39900,300.0,9,0.001,0.99,-0.7616743147127465,16.71990740740741,493,59.750507099391484,102826032.48622066,208572.07400856118,300.0,0.5261569115519523,0.0,0.0,0.0,0.0
134,250,GAT-DQN,0.37573317647058824,0.7204819277108434,40200,300.0,9,0.001,0.99,-0.7837663330430797,19.537685185185182,429,62.15384615384615,105808454.96081582,246639.75515341683,300.0,0.47662506831188994,0.0,0.0,0.0,0.0
135,250,GAT-DQN,0.3710743529411765,0.7228915662650603,40500,300.0,9,0.001,0.99,-0.8116102786059599,20.037592592592592,416,52.67548076923077,109567387.61180466,263383.14329760737,300.0,0.42516033922632535,0.0,0.0,0.0,0.0
136,250,GAT-DQN,0.3664155294117647,0.7253012048192771,40800,300.0,9,0.001,0.99,-0.8168605873173742,18.12342592592593,453,58.18984547461368,110276179.2878458,243435.27436610553,300.0,0.43014490510026615,0.0,0.0,0.0,0.0
137,250,GAT-DQN,0.361756705882353,0.727710843373494,41100,300.0,9,0.001,0.99,-0.6572047006606616,15.862962962962962,439,59.84738041002278,88722634.58918943,202101.67332389392,300.0,0.426438610330224,0.0,0.0,0.0,0.0
138,250,GAT-DQN,0.35709788235294115,0.7301204819277108,41400,300.0,9,0.001,0.99,-0.7160678152423213,15.33009259259259,452,53.36504424778761,96669155.05771343,213869.81207458724,300.0,0.4671926870197058,0.0,0.0,0.0,0.0
139,250,GAT-DQN,0.35243905882352944,0.7325301204819277,41700,300.0,9,0.001,0.99,-0.7433323212245664,18.316388888888888,416,52.30048076923077,100349863.36531636,241225.63308970278,300.0,0.45002937068541843,0.0,0.0,0.0,0.0
140,250,GAT-DQN,0.3477802352941176,0.7349397590361446,42000,300.0,9,0.001,0.99,-0.72448660788574,15.233611111111113,491,57.44399185336049,97805692.0645747,199196.928848421,300.0,0.4418029506256183,0.0,0.0,0.0,0.0
141,250,GAT-DQN,0.3431214117647059,0.7373493975903614,42300,300.0,9,0.001,0.99,-0.685236068619585,15.65064814814815,426,52.03755868544601,92506869.26364392,217152.27526676978,300.0,0.44002372143169244,0.0,0.0,0.0,0.0
142,250,GAT-DQN,0.33846258823529407,0.7397590361445783,42600,300.0,9,0.001,0.99,-0.7244417149327863,15.688240740740742,443,56.77426636568849,97799631.51592623,220766.66256416755,300.0,0.42935005178054175,0.0,0.0,0.0,0.0
143,250,GAT-DQN,0.33380376470588236,0.7421686746987952,42900,300.0,9,0.001,0.99,-0.7327781808230425,16.321018518518517,514,63.429961089494164,98925054.41111074,192461.19535235554,300.0,0.47559673301875593,0.0,0.0,0.0,0.0
144,250,GAT-DQN,0.32914494117647064,0.7445783132530122,43200,300.0,9,0.001,0.99,-0.7370150714496067,16.24240740740741,486,58.60699588477366,99497034.64569694,204726.40873600193,300.0,0.4123372373978297,0.0,0.0,0.0,0.0
145,250,GAT-DQN,0.3244861176470589,0.7469879518072289,43500,300.0,9,0.001,0.99,-0.7671263666769405,16.53398148148148,457,59.14442013129103,103562059.50138697,226612.82166605463,300.0,0.43789738215506074,0.0,0.0,0.0,0.0
146,250,GAT-DQN,0.3198272941176471,0.7493975903614458,43800,300.0,9,0.001,0.99,-0.7810122457198067,19.274444444444445,401,53.907730673316706,105436653.17217404,262934.2971874664,300.0,0.41241557051738104,0.0,0.0,0.0,0.0
147,250,GAT-DQN,0.31516847058823527,0.7518072289156627,44100,300.0,9,0.001,0.99,-0.7105673349435064,15.765462962962966,490,62.39387755102041,95926590.21737318,195768.55146402688,300.0,0.4456500144054492,0.0,0.0,0.0,0.0
148,250,GAT-DQN,0.31050964705882356,0.7542168674698795,44400,300.0,9,0.001,0.99,-0.6452211203631548,14.158703703703704,454,52.680616740088105,87104851.24902591,191860.90583485883,300.0,0.416184667100509,0.0,0.0,0.0,0.0
149,250,GAT-DQN,0.30585082352941173,0.7566265060240964,44700,300.0,9,0.001,0.99,-0.716065201327252,18.049074074074074,412,50.228155339805824,96668802.17917928,234633.01499800797,300.0,0.4958288551370303,0.0,0.0,0.0,0.0
150,250,GAT-DQN,0.301192,0.7590361445783133,45000,300.0,9,0.001,0.99,-0.691076606371997,14.88361111111111,498,59.299196787148595,93295341.86021964,187340.0438960234,300.0,0.43261078372597694,0.0,0.0,0.0,0.0
151,250,GAT-DQN,0.2965331764705882,0.7614457831325301,45300,300.0,9,0.001,0.99,-0.6233122471152381,14.95351851851852,399,51.290726817042604,84147153.36055723,210895.12120440407,300.0,0.45119503763814767,0.0,0.0,0.0,0.0
152,250,GAT-DQN,0.2918743529411765,0.763855421686747,45600,300.0,9,0.001,0.99,-0.7261790025037741,15.887777777777776,515,62.574757281553396,98034165.3380094,190357.6025980765,300.0,0.4336398986230294,0.0,0.0,0.0,0.0
153,250,GAT-DQN,0.28721552941176465,0.766265060240964,45900,300.0,9,0.001,0.99,-0.6224672746204585,13.534722222222223,448,54.21205357142857,84033082.07376197,187573.84391464727,300.0,0.437894395912687,0.0,0.0,0.0,0.0
154,250,GAT-DQN,0.28255670588235304,0.7686746987951807,46200,300.0,9,0.001,0.99,-0.76136716415143,16.936666666666667,473,61.56025369978858,102784567.16044272,217303.52465209877,300.0,0.4477730888376633,0.0,0.0,0.0,0.0
155,250,GAT-DQN,0.2778978823529412,0.7710843373493976,46500,300.0,9,0.001,0.99,-0.7712862361491554,18.024722222222223,429,55.67132867132867,104123641.88013607,242712.45193504912,300.0,0.4321185910701752,0.0,0.0,0.0,0.0
156,250,GAT-DQN,0.2732390588235294,0.7734939759036145,46800,300.0,9,0.001,0.99,-0.7199798482204901,19.014166666666668,397,50.957178841309826,97197279.50976609,244829.4194200657,300.0,0.4584328425178925,0.0,0.0,0.0,0.0
157,250,GAT-DQN,0.2685802352941177,0.7759036144578313,47100,300.0,9,0.001,0.99,-0.7461625145282985,19.702962962962964,405,52.0,100731939.46132039,248720.83817609973,300.0,0.46160881958901884,0.0,0.0,0.0,0.0
158,250,GAT-DQN,0.26392141176470585,0.7783132530120482,47400,300.0,9,0.001,0.99,-0.6605073303110157,14.092962962962964,438,55.02054794520548,89168489.59198721,203581.02646572422,300.0,0.417963053882122,0.0,0.0,0.0,0.0
159,250,GAT-DQN,0.25926258823529413,0.7807228915662651,47700,300.0,9,0.001,0.99,-0.8017517253611238,18.816203703703703,423,52.43735224586288,108236482.92375147,255878.21022163468,300.0,0.4294068322579066,0.0,0.0,0.0,0.0
160,250,GAT-DQN,0.2546037647058823,0.7831325301204819,48000,300.0,9,0.001,0.99,-0.6356201927658516,14.169537037037038,435,51.54022988505747,85808726.02338986,197261.43913422956,300.0,0.5950639462471008,0.0,0.0,0.0,0.0
161,250,GAT-DQN,0.2499449411764706,0.7855421686746988,48300,300.0,9,0.001,0.99,-0.6416793334973542,14.116296296296296,464,52.952586206896555,86626710.02214283,186695.4957373768,300.0,0.4532354451219241,0.0,0.0,0.0,0.0
162,250,GAT-DQN,0.24528611764705877,0.7879518072289158,48600,300.0,9,0.001,0.99,-0.7381228511233177,20.137592592592593,398,48.79899497487437,99646584.90164803,250368.303772985,300.0,0.47022755682468415,0.0,0.0,0.0,0.0
163,250,GAT-DQN,0.24062729411764716,0.7903614457831325,48900,300.0,9,0.001,0.99,-0.6939613082955839,16.05212962962963,418,54.026315789473685,93684776.61990379,224126.25985622915,300.0,0.4596898732086023,0.0,0.0,0.0,0.0
164,250,GAT-DQN,0.23596847058823534,0.7927710843373494,49200,300.0,9,0.001,0.99,-0.6565055086668754,15.1675,437,56.03203661327231,88628243.67002827,202810.6262472043,300.0,0.4839940304060777,0.0,0.0,0.0,0.0
165,250,GAT-DQN,0.23130964705882362,0.7951807228915663,49500,300.0,9,0.001,0.99,-0.7236261560403409,16.122222222222224,473,58.67019027484144,97689531.06544586,206531.77815104832,300.0,0.46506807702283065,0.0,0.0,0.0,0.0
166,250,GAT-DQN,0.2266508235294118,0.7975903614457831,49800,300.0,9,0.001,0.99,-0.7292368847547281,14.738981481481481,468,55.77564102564103,98446979.44188835,210356.7936792486,300.0,0.40514905345936614,0.0,0.0,0.0,0.0
167,250,GAT-DQN,0.22199199999999997,0.8,50100,300.0,9,0.001,0.99,-0.714989775229235,15.030555555555557,514,58.52918287937743,96523619.65594657,187789.14329950695,300.0,0.44806814146538576,0.0,0.0,0.0,0.0
168,250,GAT-DQN,0.21733317647058825,0.8024096385542169,50400,300.0,9,0.001,0.99,-0.6679272246745863,15.635462962962963,422,52.824644549763036,90170175.3310691,213673.40125845757,300.0,0.4520630339284738,0.0,0.0,0.0,0.0
169,250,GAT-DQN,0.21267435294117643,0.8048192771084337,50700,300.0,9,0.001,0.99,-0.7508123556494791,16.28398148148148,446,53.28251121076233,101359668.01267964,227263.82962484224,300.0,0.425212054948012,0.0,0.0,0.0,0.0
170,250,GAT-DQN,0.2080155294117647,0.8072289156626506,51000,300.0,9,0.001,0.99,-0.7556767269662381,19.794814814814817,409,52.1760391198044,102016358.14044198,249428.7485096381,300.0,0.4404668687283993,0.0,0.0,0.0,0.0
171,250,GAT-DQN,0.20335670588235288,0.8096385542168676,51300,300.0,9,0.001,0.99,-0.7431160850691342,17.666018518518523,451,57.791574279379155,100320671.48433329,222440.51326903168,300.0,0.4491145080327988,0.0,0.0,0.0,0.0
172,250,GAT-DQN,0.19869788235294117,0.8120481927710843,51600,300.0,9,0.001,0.99,-0.7087835416311674,16.69675925925926,410,53.458536585365856,95685778.12020755,233379.94663465256,300.0,0.45112026619414486,0.0,0.0,0.0,0.0
173,250,GAT-DQN,0.19403905882352945,0.8144578313253013,51900,300.0,9,0.001,0.99,-0.7141495928528006,17.76703703703704,431,50.596287703016245,96410195.03512809,223689.54764530878,300.0,0.45184169270098207,0.0,0.0,0.0,0.0
174,250,GAT-DQN,0.18938023529411774,0.8168674698795181,52200,300.0,9,0.001,0.99,-0.5988424586888145,12.72398148148148,435,50.64367816091954,80843731.92299004,185847.65959308055,300.0,0.418778473585844,0.0,0.0,0.0,0.0
175,250,GAT-DQN,0.1847214117647059,0.8192771084337349,52500,300.0,9,0.001,0.99,-0.7122990292838941,19.225555555555555,375,51.178666666666665,96160368.95332582,256427.6505422022,300.0,0.436499099979798,0.0,0.0,0.0,0.0
176,250,GAT-DQN,0.18006258823529409,0.8216867469879519,52800,300.0,9,0.001,0.99,-0.7786794072682803,16.58509259259259,464,61.90948275862069,105121719.98121792,226555.43099400413,300.0,0.45834342459837596,0.0,0.0,0.0,0.0
177,250,GAT-DQN,0.17540376470588237,0.8240963855421687,53100,300.0,9,0.001,0.99,-0.7227338247628349,17.36777777777778,424,54.1438679245283,97569066.3429826,230115.72250703446,300.0,0.41515204216043156,0.0,0.0,0.0,0.0
178,250,GAT-DQN,0.17074494117647054,0.8265060240963855,53400,300.0,9,0.001,0.99,-0.772380886233909,19.238981481481478,423,50.88416075650118,104271419.6415775,246504.53815975768,300.0,0.4042462126413981,0.0,0.0,0.0,0.0
179,250,GAT-DQN,0.16608611764705883,0.8289156626506025,53700,300.0,9,0.001,0.99,-0.7960032371956824,20.753055555555555,389,52.03341902313625,107460437.0214172,276247.91008076404,300.0,0.4411891052375237,0.0,0.0,0.0,0.0
180,250,GAT-DQN,0.161427294117647,0.8313253012048192,54000,300.0,9,0.001,0.99,-0.7175348895592749,16.908333333333335,469,53.997867803837956,96867210.09050204,206539.89358316,300.0,0.47577893622219564,0.0,0.0,0.0,0.0
181,250,GAT-DQN,0.1567684705882353,0.8337349397590361,54300,300.0,9,0.001,0.99,-0.7007379321722392,16.383796296296296,432,53.31481481481482,94599620.84325218,218980.6038038245,300.0,0.42495527418951196,0.0,0.0,0.0,0.0
182,250,GAT-DQN,0.15210964705882357,0.8361445783132531,54600,300.0,9,0.001,0.99,-0.6760271685344077,14.483055555555554,482,57.53526970954357,91263667.75214508,189343.70902934665,300.0,0.43166761614382265,0.0,0.0,0.0,0.0
183,250,GAT-DQN,0.14745082352941186,0.8385542168674699,54900,300.0,9,0.001,0.99,-0.7592344263589849,17.804074074074077,434,57.08064516129032,102496647.5584629,236167.39068770254,300.0,0.4411883511890968,0.0,0.0,0.0,0.0
184,250,GAT-DQN,0.14279200000000003,0.8409638554216867,55200,300.0,9,0.001,0.99,-0.7076755038751906,15.113981481481481,487,56.82956878850103,95536193.02315105,196172.88095102887,300.0,0.4265946812927723,0.0,0.0,0.0,0.0
185,250,GAT-DQN,0.13813317647058831,0.8433734939759037,55500,300.0,9,0.001,0.99,-0.7288780123485181,15.253055555555553,497,60.79275653923541,98398531.66705011,197984.97317313906,300.0,0.4425698493172725,0.0,0.0,0.0,0.0
186,250,GAT-DQN,0.1334743529411765,0.8457831325301205,55800,300.0,9,0.001,0.99,-0.7567794419302124,17.58212962962963,488,62.00409836065574,102165224.6605786,209354.9685667594,300.0,0.4278777900338173,0.0,0.0,0.0,0.0
187,250,GAT-DQN,0.12881552941176466,0.8481927710843373,56100,300.0,9,0.001,0.99,-0.8732662000055311,21.406203703703703,480,69.88333333333334,117890937.00074682,245606.11875155586,300.0,0.43161715880036355,0.0,0.0,0.0,0.0
188,250,GAT-DQN,0.12415670588235295,0.8506024096385543,56400,300.0,9,0.001,0.99,-0.6607258902804641,13.340833333333334,462,55.316017316017316,89197995.18786281,193069.2536533827,300.0,0.42321810287733874,0.0,0.0,0.0,0.0
189,250,GAT-DQN,0.11949788235294112,0.853012048192771,56700,300.0,9,0.001,0.99,-0.6899268916954755,16.155740740740743,431,54.148491879350345,93140130.37888919,216102.39067027654,300.0,0.43206297516822817,0.0,0.0,0.0,0.0
190,250,GAT-DQN,0.1148390588235294,0.8554216867469879,57000,300.0,9,0.001,0.99,-0.7315354523706984,15.953425925925925,459,59.94117647058823,98757286.07004422,215157.48599138175,300.0,0.45307311683893203,0.0,0.0,0.0,0.0
191,250,GAT-DQN,0.11018023529411758,0.8578313253012049,57300,300.0,9,0.001,0.99,-0.7206326340261446,15.650740740740742,483,58.997929606625256,97285405.59352976,201419.0591998546,300.0,0.4239425288140774,0.0,0.0,0.0,0.0
192,250,GAT-DQN,0.10552141176470597,0.8602409638554217,57600,300.0,9,0.001,0.99,-0.7283975180208919,17.70287037037037,426,53.051643192488264,98333664.93282022,230830.1993728174,300.0,0.4389731625219186,0.0,0.0,0.0,0.0
193,250,GAT-DQN,0.10086258823529415,0.8626506024096385,57900,300.0,9,0.001,0.99,-0.7866512910948399,20.054537037037036,429,54.226107226107224,106197924.29780342,247547.60908578886,300.0,0.4461054575443268,0.0,0.0,0.0,0.0
194,250,GAT-DQN,0.09620376470588243,0.8650602409638555,58200,300.0,9,0.001,0.99,-0.7421402584778463,16.20009259259259,485,55.38556701030928,100188934.89450902,206575.12349383303,300.0,0.41878988184034827,0.0,0.0,0.0,0.0
195,250,GAT-DQN,0.0915449411764706,0.8674698795180723,58500,300.0,9,0.001,0.99,-0.7362322173387811,15.826666666666666,488,56.46311475409836,99391349.34073548,203670.79782937598,300.0,0.436651858886083,0.0,0.0,0.0,0.0
196,250,GAT-DQN,0.08688611764705878,0.8698795180722891,58800,300.0,9,0.001,0.99,-0.6874644118935039,14.88222222222222,496,60.034274193548384,92807695.60562293,187112.2895274656,300.0,0.4056117246051629,0.0,0.0,0.0,0.0
197,250,GAT-DQN,0.08222729411764707,0.8722891566265061,59100,300.0,9,0.001,0.99,-0.7609095954278678,19.225925925925928,412,52.62864077669903,102722795.38276196,249327.17325913097,300.0,0.4640068885187308,0.0,0.0,0.0,0.0
198,250,GAT-DQN,0.07756847058823524,0.8746987951807228,59400,300.0,9,0.001,0.99,-0.7611553569062087,15.96777777777778,484,56.857438016528924,102755973.1823381,212305.7297155746,300.0,0.40905759947995346,0.0,0.0,0.0,0.0
199,250,GAT-DQN,0.07290964705882352,0.8771084337349397,59700,300.0,9,0.001,0.99,-0.7068254863294294,15.308148148148147,444,52.486486486486484,95421440.65447289,214913.1546271912,300.0,0.43685282168289025,0.0,0.0,0.0,0.0
200,250,GAT-DQN,0.0682508235294117,0.8795180722891566,60000,300.0,9,0.001,0.99,-0.7339782696461814,16.261203703703703,448,53.872767857142854,99087066.40223444,221176.48750498757,300.0,0.42513277602692445,0.0,0.0,0.0,0.0
201,250,GAT-DQN,0.06359200000000009,0.8819277108433735,60300,300.0,9,0.001,0.99,-0.7037218998265292,15.359351851851851,484,57.34090909090909,95002456.47658154,196286.06710037508,300.0,0.450553722307086,0.0,0.0,0.0,0.0
202,250,GAT-DQN,0.05893317647058827,0.8843373493975903,60600,300.0,9,0.001,0.99,-0.7912660195193453,18.735370370370372,520,65.975,106820912.63511148,205424.831990599,300.0,0.44305953445533913,0.0,0.0,0.0,0.0
203,250,GAT-DQN,0.05427435294117655,0.8867469879518073,60900,300.0,9,0.001,0.99,-0.6893399620592513,15.87972222222222,452,53.991150442477874,93060894.87799902,205886.9355707943,300.0,0.44069509220619996,0.0,0.0,0.0,0.0
204,250,GAT-DQN,0.049615529411764725,0.8891566265060241,61200,300.0,9,0.001,0.99,-0.6928111706272476,14.489351851851856,510,56.78823529411765,93529508.03467843,183391.19222485967,300.0,0.40395069477458795,0.0,0.0,0.0,0.0
205,250,GAT-DQN,0.0449567058823529,0.891566265060241,61500,300.0,9,0.001,0.99,-0.739794167679241,17.59009259259259,452,57.283185840707965,99872212.63669723,220956.22264756024,300.0,0.45371234230697155,0.0,0.0,0.0,0.0
206,250,GAT-DQN,0.04029788235294118,0.8939759036144579,61800,300.0,9,0.001,0.99,-0.6344194706055368,16.89351851851852,374,47.9144385026738,85646628.53174748,229001.68056616973,300.0,0.41569661766290666,0.0,0.0,0.0,0.0
207,250,GAT-DQN,0.03563905882352936,0.8963855421686746,62100,300.0,9,0.001,0.99,-0.738561730350699,20.845648148148147,370,49.53243243243243,99705833.59734412,269475.2259387679,300.0,0.4172003272672494,0.0,0.0,0.0,0.0
208,250,GAT-DQN,0.030980235294117642,0.8987951807228916,62400,300.0,9,0.001,0.99,-0.684234816943202,15.145740740740742,499,57.721442885771545,92371700.2873323,185113.62783032525,300.0,0.41683636950949826,0.0,0.0,0.0,0.0
209,250,GAT-DQN,0.026321411764705815,0.9012048192771084,62700,300.0,9,0.001,0.99,-0.6818617922404169,17.470833333333335,395,50.1620253164557,92051341.95245634,233041.37203153505,300.0,0.46372573691109814,0.0,0.0,0.0,0.0
210,250,GAT-DQN,0.0216625882352941,0.9036144578313253,63000,300.0,9,0.001,0.99,-0.8120157356661473,20.387685185185187,428,56.81308411214953,109622124.31492971,256126.4586797423,300.0,0.39907708294689653,0.0,0.0,0.0,0.0
211,250,GAT-DQN,0.017003764705882385,0.9060240963855422,63300,300.0,9,0.001,0.99,-0.6379618776363387,14.02037037037037,450,55.37777777777778,86124853.48090562,191388.5632909014,300.0,0.4278479478259881,0.0,0.0,0.0,0.0
212,250,GAT-DQN,0.01234494117647067,0.908433734939759,63600,300.0,9,0.001,0.99,-0.7472007013006621,17.00212962962963,478,51.49790794979079,100872094.67558953,211029.48676901576,300.0,0.4263339459647735,0.0,0.0,0.0,0.0
213,250,GAT-DQN,0.01,0.9108433734939759,63900,300.0,9,0.001,0.99,-0.6430657425086992,16.601111111111113,384,49.0625,86813875.2386745,226077.80010071487,300.0,0.42231844022870063,0.0,0.0,0.0,0.0
214,250,GAT-DQN,0.01,0.9132530120481928,64200,300.0,9,0.001,0.99,-0.6626089117037528,15.717037037037038,458,63.157205240174676,89452203.08000673,195310.4870742505,300.0,0.40561392419040204,0.0,0.0,0.0,0.0
215,250,GAT-DQN,0.01,0.9156626506024097,64500,300.0,9,0.001,0.99,-0.786265312491025,17.52824074074074,477,57.34591194968554,106145817.18628836,222527.91862953533,300.0,0.4609307590375344,0.0,0.0,0.0,0.0
216,250,GAT-DQN,0.01,0.9180722891566265,64800,300.0,9,0.001,0.99,-0.7338238737778785,15.423981481481478,446,58.096412556053814,99066222.96001369,222121.57614352845,300.0,0.4528192743162314,0.0,0.0,0.0,0.0
217,250,GAT-DQN,0.01,0.9204819277108434,65100,300.0,9,0.001,0.99,-0.7456504204456184,16.968055555555555,493,64.82352941176471,100662806.76015854,204184.19221127493,300.0,0.422076612363259,0.0,0.0,0.0,0.0
218,250,GAT-DQN,0.01,0.9228915662650602,65400,300.0,9,0.001,0.99,-0.7720065511690525,18.02296296296296,457,54.1925601750547,104220884.4078222,228054.4516582543,300.0,0.39216606664160886,0.0,0.0,0.0,0.0
219,250,GAT-DQN,0.01,0.9253012048192771,65700,300.0,9,0.001,0.99,-0.7223828503118058,16.82064814814815,435,53.98390804597701,97521684.79209407,224187.78113125073,300.0,0.44064864511291185,0.0,0.0,0.0,0.0
220,250,GAT-DQN,0.01,0.927710843373494,66000,300.0,9,0.001,0.99,-0.8296426836018149,17.446666666666665,497,65.20120724346077,112001762.2862449,225355.65852363157,300.0,0.42409446808199086,0.0,0.0,0.0,0.0
221,250,GAT-DQN,0.01,0.9301204819277108,66300,300.0,9,0.001,0.99,-0.77043064979723,18.213055555555556,421,48.58432304038005,104008137.72262612,247050.20836728293,300.0,0.4512875813494126,0.0,0.0,0.0,0.0
222,250,GAT-DQN,0.01,0.9325301204819277,66600,300.0,9,0.001,0.99,-0.70169208356778,15.5525,487,59.205338809034906,94728431.28165019,194514.23261119134,300.0,0.4391829084356626,0.0,0.0,0.0,0.0
223,250,GAT-DQN,0.01,0.9349397590361446,66900,300.0,9,0.001,0.99,-0.7310867593983448,16.73064814814815,518,61.640926640926644,98696712.51877645,190534.19405169197,300.0,0.4641661103566488,0.0,0.0,0.0,0.0
224,250,GAT-DQN,0.01,0.9373493975903615,67200,300.0,9,0.001,0.99,-0.7051041660028086,16.7425,430,54.12093023255814,95189062.41037917,221369.91258227715,300.0,0.4490618710964918,0.0,0.0,0.0,0.0
225,250,GAT-DQN,0.01,0.9397590361445783,67500,300.0,9,0.001,0.99,-0.7096453839344032,16.23787037037037,495,59.567676767676765,95802126.83114444,193539.65016392816,300.0,0.47993001421292625,0.0,0.0,0.0,0.0
226,250,GAT-DQN,0.01,0.9421686746987952,67800,300.0,9,0.001,0.99,-0.8054369581147933,17.10138888888889,461,61.29501084598699,108733989.34549706,235865.48664966822,300.0,0.4789619310448567,0.0,0.0,0.0,0.0
227,250,GAT-DQN,0.01,0.944578313253012,68100,300.0,9,0.001,0.99,-0.7355061428536483,17.591944444444447,460,57.55434782608695,99293329.28524251,215855.06366357068,300.0,0.48267015571395555,0.0,0.0,0.0,0.0
228,250,GAT-DQN,0.01,0.946987951807229,68400,300.0,9,0.001,0.99,-0.7863037415819638,16.713333333333335,480,60.83541666666667,106151005.11356516,221147.92731992743,300.0,0.41257382874687515,0.0,0.0,0.0,0.0
229,250,GAT-DQN,0.01,0.9493975903614458,68700,300.0,9,0.001,0.99,-0.6977775723599439,15.77787037037037,445,51.476404494382024,94199972.26859246,211685.3309406572,300.0,0.4345703816910585,0.0,0.0,0.0,0.0
230,250,GAT-DQN,0.01,0.9518072289156626,69000,300.0,9,0.001,0.99,-0.6958971824413189,14.341666666666667,504,55.432539682539684,93946119.6295781,186401.03101106765,300.0,0.46706052218874294,0.0,0.0,0.0,0.0
231,250,GAT-DQN,0.01,0.9542168674698795,69300,300.0,9,0.001,0.99,-0.7483482979367838,15.208518518518515,513,58.927875243664715,101027020.22146587,196933.7626149432,300.0,0.44192281837264696,0.0,0.0,0.0,0.0
232,250,GAT-DQN,0.01,0.9566265060240964,69600,300.0,9,0.001,0.99,-0.7243852914232587,15.716018518518519,494,59.60323886639676,97792014.34214006,197959.54320271267,300.0,0.42064463049173356,0.0,0.0,0.0,0.0
233,250,GAT-DQN,0.01,0.9590361445783133,69900,300.0,9,0.001,0.99,-0.8093734203133112,18.23759259259259,481,57.61538461538461,109265411.74229686,227163.01817525335,300.0,0.4524134293695291,0.0,0.0,0.0,0.0
234,250,GAT-DQN,0.01,0.9614457831325302,70200,300.0,9,0.001,0.99,-0.7072648936156457,18.162407407407407,391,48.30179028132992,95480760.63811225,244196.31876755052,300.0,0.45502794593572615,0.0,0.0,0.0,0.0
235,250,GAT-DQN,0.01,0.963855421686747,70500,300.0,9,0.001,0.99,-0.6963315425080195,14.263240740740741,497,58.23541247484909,94004758.23858254,189144.3827738079,300.0,0.4656877815723419,0.0,0.0,0.0,0.0
236,250,GAT-DQN,0.01,0.9662650602409638,70800,300.0,9,0.001,0.99,-0.8288957905307232,19.433240740740743,492,63.9349593495935,111900931.72164768,227440.91813343024,300.0,0.465602493857344,0.0,0.0,0.0,0.0
237,250,GAT-DQN,0.01,0.9686746987951808,71100,300.0,9,0.001,0.99,-0.6579812759036655,14.416203703703705,456,60.49561403508772,88827472.24699475,194797.0882609534,300.0,0.4742954013993343,0.0,0.0,0.0,0.0
238,250,GAT-DQN,0.01,0.9710843373493976,71400,300.0,9,0.001,0.99,-0.7468015231144037,15.740462962962962,456,53.64035087719298,100818205.62044469,221092.5561851857,300.0,0.43109051580230395,0.0,0.0,0.0,0.0
239,250,GAT-DQN,0.01,0.9734939759036144,71700,300.0,9,0.001,0.99,-0.7254755374365076,16.314814814814813,465,55.159139784946234,97939197.55392869,210621.93022350257,300.0,0.42496806271374227,0.0,0.0,0.0,0.0
240,250,GAT-DQN,0.01,0.9759036144578312,72000,300.0,9,0.001,0.99,-0.6687622550404051,13.865833333333333,468,56.75854700854701,90282904.43045469,192912.188953963,300.0,0.4397981046140194,0.0,0.0,0.0,0.0
241,250,GAT-DQN,0.01,0.9783132530120482,72300,300.0,9,0.001,0.99,-0.6457914961986887,15.617499999999996,427,62.07962529274005,87181851.98682283,204172.955472653,300.0,0.4396559585134188,0.0,0.0,0.0,0.0
242,250,GAT-DQN,0.01,0.9807228915662651,72600,300.0,9,0.001,0.99,-0.7196340243209481,17.41972222222222,436,54.75,97150593.28332807,222822.46165900934,300.0,0.4234813952694337,0.0,0.0,0.0,0.0
243,250,GAT-DQN,0.01,0.983132530120482,72900,300.0,9,0.001,0.99,-0.7553794830153829,17.66453703703704,461,56.99132321041215,101976230.20707679,221206.57311730323,300.0,0.49712289139628413,0.0,0.0,0.0,0.0
244,250,GAT-DQN,0.01,0.9855421686746988,73200,300.0,9,0.001,0.99,-0.7031044612352872,17.11685185185185,420,50.56666666666667,94919102.26676399,225997.86253991426,300.0,0.42263786857326824,0.0,0.0,0.0,0.0
245,250,GAT-DQN,0.01,0.9879518072289156,73500,300.0,9,0.001,0.99,-0.7054446209526859,17.94537037037037,398,49.68341708542714,95235023.82861267,239283.97946887606,300.0,0.44446036060651145,0.0,0.0,0.0,0.0
246,250,GAT-DQN,0.01,0.9903614457831326,73800,300.0,9,0.001,0.99,-0.7025867054777646,15.46027777777778,461,61.084598698481564,94849205.23949823,205746.64910954062,300.0,0.4370130228996277,0.0,0.0,0.0,0.0
247,250,GAT-DQN,0.01,0.9927710843373494,74100,300.0,9,0.001,0.99,-0.6356356013789767,13.943425925925924,490,59.32857142857143,85810806.18616192,175124.0942574733,300.0,0.46100025991598764,0.0,0.0,0.0,0.0
248,250,GAT-DQN,0.01,0.9951807228915662,74400,300.0,9,0.001,0.99,-0.7729590123579115,15.772407407407405,466,58.18454935622318,104349466.66831796,223925.89413802137,300.0,0.5137565249452988,0.0,0.0,0.0,0.0
249,250,GAT-DQN,0.01,0.9975903614457831,74700,300.0,9,0.001,0.99,-0.6931238129430389,16.830833333333334,416,49.98317307692308,93571714.7473103,224932.0066041113,300.0,0.43738675164679686,0.0,0.0,0.0,0.0
250,250,GAT-DQN,0.01,1.0,75000,300.0,9,0.001,0.99,-0.7516616744588491,19.92972222222222,422,58.018957345971565,101474326.05194424,240460.4882747494,300.0,0.42721479512751104,0.0,0.0,0.0,0.0
